ip,port,地址,是否匿名,类型,存活时间,验证时间
,,,,,,
27.43.191.102,9999,广东梅州,高匿,HTTPS,60,19-05-19 20:00:00
112.85.130.127,9999,江苏南通,高匿,HTTPS,60,19-05-19 19:00:00
113.121.21.75,9999,山东,高匿,HTTPS,60,19-05-19 19:00:00
112.85.131.115,9999,江苏南通,高匿,HTTPS,6393600,19-05-19 19:00:00
112.85.170.85,9999,江苏南通,高匿,HTTPS,60,19-05-19 19:00:00
112.85.171.79,9999,江苏南通,高匿,HTTP,172800,19-05-19 18:20:00
223.241.118.246,8010,安徽,高匿,HTTPS,46224000,19-05-19 18:00:00
1.198.72.6,9999,河南,高匿,HTTPS,60,19-05-19 18:00:00
171.80.1.16,9999,No,高匿,HTTPS,60,19-05-19 18:00:00
116.208.55.67,9999,湖北襄阳市宜城,高匿,HTTP,60,19-05-19 17:20:00
112.85.165.93,9999,江苏南通,高匿,HTTP,60,19-05-19 17:20:00
112.85.129.159,9999,江苏南通,高匿,HTTP,950400,19-05-19 17:00:00
112.85.164.25,9999,江苏南通,高匿,HTTPS,60,19-05-19 17:00:00
113.121.47.159,9999,山东烟台,高匿,HTTPS,60,19-05-19 17:00:00
112.87.71.189,9999,江苏宿迁,高匿,HTTPS,10195200,19-05-19 17:00:00
112.85.169.169,9999,江苏南通,高匿,HTTP,60,19-05-19 16:20:00
163.204.245.136,9999,广东,高匿,HTTP,86400,19-05-19 16:20:00
119.98.153.235,8118,湖北武汉,高匿,HTTPS,32400,19-05-19 16:20:00
163.204.242.160,9999,广东,高匿,HTTP,1468800,19-05-19 16:20:00
182.34.33.216,9999,山东烟台,高匿,HTTPS,950400,19-05-19 16:00:00
182.34.34.83,9999,山东烟台,高匿,HTTPS,60,19-05-19 16:00:00
111.177.106.202,9999,湖北襄阳,高匿,HTTPS,60,19-05-19 16:00:00
112.85.167.83,9999,江苏南通,高匿,HTTP,1123200,19-05-19 16:00:00
112.85.173.110,9999,江苏南通,高匿,HTTP,60,19-05-19 15:20:00
118.181.226.216,36430,甘肃兰州,高匿,HTTP,16588800,19-05-19 15:20:00
119.120.78.167,9999,广东中山,高匿,HTTP,60,19-05-19 15:20:00
112.85.168.22,9999,江苏南通,高匿,HTTP,6825600,19-05-19 15:20:00
112.85.171.153,9999,江苏南通,高匿,HTTP,518400,19-05-19 14:20:00
122.193.246.32,9999,江苏南通,高匿,HTTP,60,19-05-19 14:20:00
116.208.52.189,9999,湖北襄阳,高匿,HTTP,60,19-05-19 14:20:00
112.85.168.32,9999,江苏南通,高匿,HTTP,691200,19-05-19 14:00:00
112.85.128.214,9999,江苏南通,高匿,HTTP,60,19-05-19 13:21:00
112.85.130.76,9999,江苏南通,高匿,HTTP,60,19-05-19 13:20:00
115.53.18.34,9999,河南濮阳,高匿,HTTPS,11750400,19-05-19 13:20:00
112.85.170.210,9999,江苏南通,高匿,HTTP,60,19-05-19 13:20:00
112.85.129.172,9999,江苏南通,高匿,HTTPS,12096000,19-05-19 13:20:00
112.87.69.147,9999,江苏宿迁,高匿,HTTPS,1555200,19-05-19 13:00:00
122.193.245.49,9999,江苏南通,高匿,HTTPS,60,19-05-19 13:00:00
112.87.68.224,9999,江苏宿迁,高匿,HTTPS,518400,19-05-19 13:00:00
112.85.165.24,9999,江苏南通,高匿,HTTPS,60,19-05-19 13:00:00
112.85.165.116,18118,江苏南通,高匿,HTTPS,28166400,19-05-19 13:00:00
112.85.173.85,9999,江苏南通,高匿,HTTP,518400,19-05-19 12:20:00
112.85.168.226,9999,江苏南通,高匿,HTTPS,1814400,19-05-19 12:20:00
112.85.151.155,9999,江苏南通,高匿,HTTP,5788800,19-05-19 12:20:00
112.85.150.39,9999,江苏南通,高匿,HTTP,60,19-05-19 12:20:00
112.85.131.95,9999,江苏南通,高匿,HTTPS,10972800,19-05-19 12:20:00
171.38.66.115,8123,广西玉林,高匿,HTTP,60,19-05-19 12:20:00
125.41.135.202,8118,河南郑州,高匿,HTTP,60,19-05-19 12:20:00
171.80.1.255,9999,No,高匿,HTTPS,60,19-05-19 12:00:00
113.121.21.227,9999,山东,高匿,HTTPS,60,19-05-19 12:00:00
112.85.170.48,9999,江苏南通,高匿,HTTPS,1555200,19-05-19 12:00:00
1.192.240.178,9999,河南郑州,高匿,HTTPS,60,19-05-19 12:00:00
120.83.104.37,9999,广东揭阳,高匿,HTTP,60,19-05-19 11:21:00
171.80.2.137,9999,No,高匿,HTTPS,6134400,19-05-19 11:21:00
112.85.164.51,9999,江苏南通,高匿,HTTP,60,19-05-19 11:20:00
112.85.166.201,9999,江苏南通,高匿,HTTP,6307200,19-05-19 11:20:00
117.85.104.233,9999,江苏无锡,高匿,HTTP,60,19-05-19 11:20:00
171.83.164.54,9999,No,高匿,HTTPS,60,19-05-19 11:00:00
27.43.189.249,9999,广东梅州,高匿,HTTPS,60,19-05-19 11:00:00
1.192.241.123,9999,河南郑州,高匿,HTTP,60,19-05-19 10:20:00
113.121.23.155,9999,山东,高匿,HTTP,518400,19-05-19 10:20:00
120.24.173.214,80,北京,高匿,HTTP,101088000,19-05-19 10:00:00
112.85.164.215,9999,江苏南通,高匿,HTTPS,432000,19-05-19 10:00:00
113.121.22.152,9999,山东,高匿,HTTPS,60,19-05-19 10:00:00
113.116.159.172,8118,广东深圳,高匿,HTTPS,14400,19-05-19 09:21:00
114.223.102.100,8118,江苏无锡,高匿,HTTPS,259200,19-05-19 09:21:00
58.241.186.90,43043,江苏徐州,高匿,HTTPS,18057600,19-05-19 09:20:00
112.85.167.253,9999,江苏南通,高匿,HTTP,1209600,19-05-19 09:00:00
125.41.243.116,8118,河南郑州,高匿,HTTP,60,19-05-19 08:21:00
115.53.18.37,9999,河南濮阳,高匿,HTTP,60,19-05-19 08:20:00
58.219.63.29,9999,江苏无锡,高匿,HTTP,60,19-05-19 08:20:00
121.63.199.64,9999,湖北襄阳,高匿,HTTPS,12355200,19-05-19 08:00:00
182.34.37.203,9999,山东烟台,高匿,HTTPS,60,19-05-19 08:00:00
116.208.52.209,9999,湖北襄阳,高匿,HTTPS,60,19-05-19 08:00:00
112.87.69.109,9999,江苏宿迁,高匿,HTTPS,259200,19-05-19 07:20:00
112.85.165.40,9999,江苏南通,高匿,HTTPS,950400,19-05-19 07:20:00
112.85.165.66,9999,江苏南通,高匿,HTTP,8208000,19-05-19 07:20:00
182.111.64.8,21776,江西九江,高匿,HTTPS,23846400,19-05-19 07:20:00
61.163.247.10,8118,河南许昌,高匿,HTTPS,2851200,19-05-19 07:20:00
124.167.97.198,80,山西,高匿,HTTPS,14400,19-05-19 07:00:00
115.219.178.190,8118,浙江温州,高匿,HTTP,14400,19-05-19 07:00:00
112.85.129.136,9999,江苏南通,高匿,HTTP,60,19-05-19 06:20:00
49.70.48.83,9999,江苏苏州,高匿,HTTP,60,19-05-19 06:20:00
210.22.176.146,32153,上海,高匿,HTTPS,16588800,19-05-19 06:20:00
111.177.113.94,9999,湖北襄阳,高匿,HTTPS,60,19-05-19 06:00:00
180.160.54.241,8118,上海,高匿,HTTP,777600,19-05-19 06:00:00
112.85.170.29,9999,江苏南通,高匿,HTTP,8121600,19-05-19 06:00:00
120.78.141.110,3128,        长城宽带      ,高匿,HTTPS,1555200,19-05-19 06:00:00
49.86.178.139,9999,江苏,高匿,HTTPS,60,19-05-19 06:00:00
49.86.178.244,9999,江苏,高匿,HTTP,60,19-05-19 05:20:00
163.204.243.186,9999,广东,高匿,HTTP,60,19-05-19 05:20:00
222.188.178.42,9999,江苏常州,高匿,HTTP,60,19-05-19 05:20:00
121.233.207.70,9999,江苏扬州,高匿,HTTP,60,19-05-19 05:20:00
123.163.122.241,9999,河南洛阳,高匿,HTTP,60,19-05-19 05:20:00
123.163.97.34,9999,河南洛阳,高匿,HTTP,60,19-05-19 05:20:00
163.204.244.204,9999,广东,高匿,HTTP,60,19-05-19 05:20:00
163.204.243.70,9999,广东,高匿,HTTP,60,19-05-19 05:20:00
163.204.240.149,9999,广东,高匿,HTTP,60,19-05-19 05:20:00
180.115.234.223,9999,江苏常州,高匿,HTTP,60,19-05-19 05:20:00
111.177.172.237,9999,湖北随州,高匿,HTTPS,60,19-05-19 05:00:00
