61.189.242.243,55484
61.189.242.243,55484
61.189.242.243,55484
61.189.242.243,55484
61.189.242.243,55484
61.189.242.243,55484
61.189.242.243,55484
61.189.242.243,55484
61.189.242.243,55484
61.189.242.243,55484
61.189.242.243,55484
61.189.242.243,55484
61.189.242.243,55484
61.189.242.243,55484
61.189.242.243,55484
61.189.242.243,55484
61.184.109.33,50371
61.183.233.6,54896
61.183.233.6,54896
61.183.176.122,57210
61.183.176.122,57210
61.178.238.122,63000
61.178.238.122,63000
61.178.238.122,63000
61.178.238.122,63000
61.178.149.237,59042
61.178.149.237,59042
61.176.223.7,58822
61.135.155.82,443
61.128.208.94,3128
61.128.208.94,3128
61.128.208.94,3128
61.128.208.94,3128
60.7.223.200,8118
60.7.223.200,8118
60.7.223.200,8118
60.7.223.200,8118
60.246.89.102,53281
60.246.89.102,53281
60.246.89.102,53281
60.246.89.102,53281
60.246.89.102,53281
60.246.89.102,53281
60.246.89.102,53281
60.246.89.102,53281
60.246.89.102,53281
60.246.89.102,53281
60.246.89.102,53281
60.246.89.102,53281
60.246.89.102,53281
60.246.89.102,53281
60.246.89.102,53281
60.246.89.102,53281
60.246.89.102,53281
60.246.89.102,53281
60.246.89.102,53281
60.246.89.102,53281
60.246.89.102,53281
60.220.200.152,8060
60.220.200.152,8060
60.220.200.152,8060
60.220.200.152,8060
60.220.200.152,8060
60.216.101.46,32868
60.216.101.46,32868
60.216.101.46,32868
60.216.101.46,32868
60.211.218.78,53281
60.2.44.182,39185
60.2.44.182,39185
60.2.44.182,39185
60.18.164.46,63000
60.18.164.46,63000
60.18.164.46,63000
60.18.164.46,63000
60.168.212.207,8118
60.168.212.207,8118
60.167.22.130,808
60.167.22.130,808
60.167.132.48,808
60.167.132.48,808
60.13.42.86,9999
60.13.42.86,9999
60.13.42.81,9999
60.13.42.81,9999
60.13.42.59,9999
60.13.42.59,9999
60.13.42.57,9999
60.13.42.57,9999
60.13.42.46,9999
60.13.42.46,9999
60.13.42.35,9999
60.13.42.35,9999
60.13.42.34,9999
60.13.42.34,9999
60.13.42.234,9999
60.13.42.234,9999
60.13.42.221,9999
60.13.42.221,9999
60.13.42.218,9999
60.13.42.218,9999
60.13.42.182,9999
60.13.42.182,9999
60.13.42.176,9999
60.13.42.176,9999
60.13.42.165,9999
60.13.42.165,9999
60.13.42.15,9999
60.13.42.15,9999
60.13.42.127,9999
60.13.42.127,9999
60.13.42.116,9999
60.13.42.116,9999
60.13.42.112,9999
60.13.42.112,9999
60.11.5.101,80
60.11.31.136,80
60.11.31.136,80
60.10.22.229,63141
60.10.22.229,63141
59.49.72.138,80
59.49.72.138,80
59.49.72.138,80
59.49.72.138,80
59.49.72.137,80
59.49.72.137,80
59.49.72.137,80
59.49.72.137,80
59.48.237.6,8060
59.48.237.6,8060
59.48.237.6,8060
59.48.237.6,8060
59.48.237.6,8060
59.48.237.6,8060
59.48.237.6,8060
59.32.37.240,3128
59.32.37.240,3128
59.127.168.43,3128
59.125.31.116,45965
59.125.31.116,45965
59.125.31.116,45965
59.120.18.103,55006
59.120.18.103,55006
59.120.18.103,55006
59.120.18.103,55006
58.56.149.198,53281
58.56.149.198,53281
58.54.227.3,3128
58.54.227.3,3128
58.244.59.209,8080
58.244.59.209,8080
58.240.232.122,808
58.219.119.173,8118
58.219.119.173,8118
58.219.119.173,8118
58.219.119.173,8118
58.219.119.173,8118
58.17.125.215,53281
49.86.179.132,9999
49.86.179.132,9999
49.51.70.42,1080
49.51.70.42,1080
49.51.68.122,1080
49.51.68.122,1080
49.51.68.122,1080
49.51.68.122,1080
49.51.68.122,1080
49.51.68.122,1080
49.51.195.24,1080
49.51.195.24,1080
49.51.195.24,1080
49.51.195.24,1080
49.51.195.24,1080
49.51.193.134,1080
49.51.193.134,1080
49.51.193.134,1080
49.51.193.128,1080
49.51.193.128,1080
49.51.193.128,1080
42.98.35.147,3128
42.98.35.147,3128
42.59.85.114,1133
42.59.85.114,1133
42.200.154.50,59175
39.106.103.25,8118
39.106.103.25,8118
39.106.103.25,8118
36.99.213.217,9999
36.99.213.217,9999
36.6.138.133,8888
36.248.133.76,9999
36.248.133.76,9999
36.248.132.41,9999
36.248.132.41,9999
36.248.129.68,9999
36.248.129.68,9999
27.189.134.121,53281
27.189.134.121,53281
27.188.72.54,8060
27.188.62.55,8060
27.11.129.194,8118
27.11.129.194,8118
27.11.129.194,8118
27.11.129.194,8118
27.109.160.60,8080
27.109.160.60,8080
27.109.160.60,8080
27.109.160.60,8080
27.10.223.80,8118
27.10.223.80,8118
27.10.223.80,8118
27.10.223.80,8118
27.10.223.80,8118
27.10.223.80,8118
27.10.223.80,8118
223.85.196.75,9797
223.85.196.75,9797
223.85.196.75,9797
223.85.196.75,9797
223.85.196.75,9999
223.243.209.162,9999
223.243.209.162,9999
222.89.32.147,9999
222.89.32.147,9999
222.82.39.191,8060
222.82.39.191,8060
222.82.39.191,8060
222.82.38.30,8060
222.82.38.30,8060
222.82.139.67,8060
222.82.139.67,8060
222.82.139.67,8060
222.74.61.98,53281
222.74.61.98,53281
222.74.61.98,53281
222.74.61.98,53281
222.74.237.246,808
222.74.237.246,808
222.74.237.246,808
222.74.237.246,808
222.74.237.246,808
222.74.237.246,808
222.74.237.246,808
222.74.237.246,808
222.74.237.246,808
222.74.237.246,808
222.74.237.246,808
222.223.203.104,8060
222.189.144.63,9999
222.189.144.63,9999
222.188.132.196,9999
222.188.132.196,9999
222.185.130.46,9999
222.185.130.46,9999
222.182.188.26,8060
221.7.255.168,8080
221.7.255.168,8080
221.7.211.246,51864
221.7.211.246,51864
221.6.32.206,41816
221.6.32.206,41816
221.239.86.26,32228
221.239.86.26,32228
221.239.86.26,32228
221.239.86.26,32228
221.239.86.26,32228
221.239.86.26,32228
221.239.86.26,32228
221.217.106.194,8118
221.210.120.153,54402
221.210.120.153,54402
221.210.120.153,54402
221.210.120.153,54402
221.210.120.153,54402
221.210.120.153,54402
221.210.120.153,54402
221.206.100.133,54781
221.206.100.133,54781
221.206.100.133,54781
221.206.100.133,54781
221.206.100.133,54781
221.206.100.133,54781
221.206.100.133,54781
221.206.100.133,54781
221.206.100.133,54781
221.206.100.133,54781
221.206.100.133,54781
221.206.100.133,54781
221.206.100.133,54781
221.206.100.133,54781
221.206.100.133,54781
221.2.174.3,8060
221.2.174.3,8060
221.122.91.65,80
221.122.91.61,80
221.122.91.59,80
220.180.50.14,53281
220.180.50.14,53281
220.180.50.14,53281
220.180.50.14,53281
220.180.50.14,53281
220.180.50.14,53281
220.173.37.80,8118
220.173.37.80,8118
220.169.103.4,808
220.169.103.4,808
220.168.52.245,33226
220.168.52.245,33226
220.168.52.245,33226
220.168.52.245,33226
220.168.52.245,33226
220.168.52.245,33226
220.168.52.245,33226
220.168.52.245,33226
220.167.170.178,8060
220.167.170.178,8060
220.167.170.178,8060
220.167.170.178,8060
220.167.170.178,8060
220.167.170.178,8060
220.167.170.178,8060
220.167.170.178,8060
220.167.170.178,8060
220.167.170.178,8060
220.137.91.211,8080
220.137.91.211,8080
220.133.87.93,46827
220.133.87.93,46827
220.133.57.116,49242
220.133.57.116,49242
220.133.129.54,32077
220.133.129.54,32077
220.130.205.58,8080
220.130.205.58,8080
219.73.99.14,3128
219.73.99.14,3128
219.73.99.14,3128
219.73.99.14,3128
219.73.99.14,3128
219.73.99.14,3128
219.246.33.228,8118
219.246.33.228,8118
219.159.38.208,56210
219.159.38.207,56210
219.159.38.207,56210
219.159.38.201,56210
219.159.38.201,56210
219.159.38.200,56210
219.159.38.200,56210
219.159.38.200,56210
219.159.38.200,56210
219.159.38.200,56210
219.159.38.200,56210
219.159.38.197,56210
219.159.38.197,56210
219.159.38.197,56210
219.159.38.197,56210
219.159.38.197,56210
219.159.38.197,56210
219.159.38.197,56210
219.159.38.197,56210
218.87.93.23,8118
218.87.93.23,8118
218.87.93.23,8118
218.77.183.125,8080
218.77.183.125,8080
218.77.183.125,8080
218.77.183.125,8080
218.76.253.201,61310
218.76.253.201,61310
218.76.253.201,61310
218.76.253.201,61310
218.76.253.201,61310
218.76.253.201,61310
218.76.253.201,61310
218.76.253.201,61310
218.76.253.201,61310
218.75.70.3,8118
218.75.70.3,8118
218.66.253.145,80
218.66.253.145,80
218.66.253.145,80
218.66.253.145,80
218.66.253.144,80
218.66.253.144,80
218.64.69.79,8080
218.64.69.79,8080
218.63.76.41,40967
218.63.76.41,40967
218.63.76.41,40967
218.63.76.41,40967
218.63.76.41,40967
218.63.76.41,40967
218.63.76.41,40967
218.63.76.41,40967
218.63.76.41,40967
218.63.76.41,40967
218.63.76.41,40967
218.63.76.41,40967
218.60.8.98,3129
218.60.8.98,3129
218.60.8.83,3129
218.60.8.83,3129
218.26.227.108,80
218.26.227.108,80
218.26.227.108,80
218.26.227.108,80
218.26.227.108,80
218.26.227.108,80
218.22.7.62,53281
218.22.7.62,53281
211.21.120.163,8080
211.21.120.163,8080
211.147.65.154,80
211.147.239.101,36953
211.147.239.101,36953
211.141.111.114,61395
211.141.111.114,61395
210.61.46.165,3128
210.61.46.165,3128
210.61.46.165,3128
210.61.46.165,3128
210.26.64.44,3128
210.26.64.44,3128
210.26.64.44,3128
210.26.64.44,3128
203.95.220.46,53281
203.95.220.46,53281
203.70.166.46,8080
203.70.166.46,8080
203.70.166.46,8080
203.70.166.46,8080
202.98.76.222,8118
202.98.76.222,8118
202.98.76.222,8118
202.98.76.222,8118
202.98.76.222,8118
202.98.76.222,8118
202.98.76.222,8118
202.98.76.222,8118
202.98.76.222,8118
202.98.76.222,8118
202.98.76.222,8118
202.98.76.222,8118
202.98.76.222,8118
202.98.76.222,8118
202.98.76.222,8118
202.98.76.166,8118
202.98.76.166,8118
202.98.76.166,8118
202.98.76.166,8118
202.98.76.166,8118
202.98.76.166,8118
202.98.76.166,8118
202.98.76.166,8118
202.98.76.166,8118
202.98.76.166,8118
202.98.76.166,8118
202.61.120.41,40795
202.120.38.131,80
183.196.170.247,9000
183.196.170.247,9000
183.196.170.247,9000
183.196.168.194,9000
183.196.168.194,9000
183.196.168.194,9000
183.196.168.194,9000
183.184.122.118,80
183.184.122.118,80
183.184.122.118,80
183.184.122.118,80
183.184.122.118,80
183.184.122.118,80
183.184.122.118,80
183.166.7.6,8888
183.166.7.6,8888
183.163.41.45,9999
183.163.41.45,9999
183.163.40.93,9999
183.163.40.93,9999
182.61.175.77,8118
182.34.36.83,9999
182.34.36.83,9999
182.34.34.25,9999
182.34.34.25,9999
182.34.34.114,9999
182.34.34.114,9999
182.111.64.8,53364
182.111.64.8,53364
182.111.64.8,53364
182.111.64.8,53364
182.111.129.37,53281
182.111.129.37,53281
182.111.129.37,53281
182.111.129.37,53281
182.111.129.37,53281
182.111.129.37,53281
182.107.179.254,9999
182.107.179.254,9999
182.106.140.122,80
182.106.140.122,80
182.106.140.120,80
180.175.22.135,9797
180.168.13.26,8000
180.164.24.165,53281
180.160.62.202,8118
180.139.132.63,8118
180.139.132.63,8118
180.139.132.63,8118
180.139.132.63,8118
180.119.68.149,9999
180.119.68.149,9999
175.42.68.164,9999
175.42.68.164,9999
175.42.158.136,9999
175.42.158.136,9999
175.42.128.42,9999
175.42.128.42,9999
175.42.123.99,9999
175.42.123.99,9999
175.42.123.135,9999
175.42.123.135,9999
175.42.122.64,9999
175.42.122.64,9999
175.181.40.199,56385
175.181.40.199,56385
175.18.214.153,8080
175.168.143.213,53281
175.168.143.213,53281
175.168.143.213,53281
175.165.128.223,1133
175.155.77.94,9999
175.155.77.94,9999
175.155.24.30,8888
175.155.24.30,8888
175.155.142.23,1133
175.155.141.252,1133
175.155.141.252,1133
175.155.141.242,1133
175.155.141.242,1133
175.155.139.20,1133
175.155.139.20,1133
175.155.139.186,1133
175.155.139.186,1133
175.155.139.170,1133
175.155.139.170,1133
175.155.139.170,1133
175.155.139.170,1133
175.155.138.26,1133
175.155.138.26,1133
175.155.137.21,1133
175.155.137.21,1133
175.155.137.183,1133
175.155.137.183,1133
175.155.137.180,1133
175.155.137.180,1133
175.155.137.180,1133
175.155.137.180,1133
175.150.79.179,1133
175.150.79.179,1133
175.148.78.181,1133
175.148.78.181,1133
175.148.76.19,1133
175.148.76.19,1133
175.148.76.19,1133
175.148.76.19,1133
175.148.68.150,1133
175.11.195.78,8118
175.11.195.78,8118
175.11.195.78,8118
175.11.195.78,8118
175.10.24.76,8118
175.10.24.76,8118
175.10.24.76,8118
175.10.24.76,8118
175.10.24.76,8118
175.10.24.76,8118
171.80.3.207,9999
171.80.3.207,9999
171.80.3.127,9999
171.80.3.127,9999
171.80.115.250,9999
171.80.115.250,9999
171.80.113.70,9999
171.80.113.70,9999
171.80.112.87,9999
171.80.112.87,9999
171.80.1.215,9999
171.80.1.215,9999
171.80.0.60,9999
171.80.0.60,9999
171.41.122.68,9999
171.41.122.68,9999
163.204.247.29,9999
163.204.247.29,9999
163.204.247.210,9999
163.204.247.210,9999
163.204.246.40,9999
163.204.246.40,9999
163.204.246.214,9999
163.204.246.214,9999
163.204.246.198,9999
163.204.246.198,9999
163.204.245.129,9999
163.204.244.82,9999
163.204.244.82,9999
163.204.244.42,9999
163.204.244.42,9999
163.204.244.205,9999
163.204.244.164,9999
163.204.244.164,9999
163.204.243.89,9999
163.204.243.89,9999
163.204.243.86,9999
163.204.242.79,9999
163.204.242.79,9999
163.204.241.180,9999
163.204.241.180,9999
163.204.240.32,9999
163.204.240.32,9999
163.204.240.192,9999
163.204.240.192,9999
163.19.70.250,80
163.19.70.250,80
163.125.75.47,9797
163.125.75.47,9797
163.125.113.193,8118
163.125.113.166,8118
163.125.113.166,8118
163.125.112.107,8118
163.125.112.107,8118
153.35.185.71,80
140.237.250.156,53281
140.237.250.156,53281
14.204.211.133,8060
14.204.211.133,8060
14.204.211.133,8060
14.204.211.133,8060
14.20.235.201,9797
14.20.235.201,9797
125.73.220.18,49128
125.73.220.18,49128
125.73.220.18,49128
125.73.220.18,49128
125.72.70.46,8060
125.72.70.46,8060
125.72.70.46,8060
125.72.70.46,8060
125.72.70.46,8060
125.72.70.46,8060
125.72.70.46,8060
125.72.70.46,8060
125.46.0.62,53281
125.46.0.62,53281
125.32.76.179,80
125.32.76.179,80
125.123.143.188,9000
125.123.143.188,9000
125.123.143.127,9000
125.123.143.127,9000
125.123.142.207,9000
125.123.142.207,9000
125.123.140.46,9000
125.123.140.46,9000
125.123.138.79,9000
125.123.138.79,9000
125.123.137.135,9999
125.123.137.135,9999
125.123.136.174,9999
125.123.136.174,9999
125.123.127.251,9000
125.123.127.231,9000
125.123.127.231,9000
125.123.125.232,9000
125.123.125.232,9000
125.123.125.149,9000
125.123.125.149,9000
125.123.124.3,9000
125.123.124.3,9000
125.123.122.83,9000
125.115.181.177,3128
125.115.181.177,3128
125.115.180.210,3128
125.115.180.210,3128
125.115.180.179,3128
125.109.192.153,9999
125.109.192.153,9999
124.94.198.79,9999
124.94.198.79,9999
124.94.198.136,9999
124.94.198.136,9999
124.94.197.238,9999
124.94.197.238,9999
124.94.194.115,9999
124.94.194.115,9999
124.93.201.59,42672
124.93.201.59,42672
124.47.7.38,80
124.47.7.38,80
124.237.83.14,53281
124.232.133.199,3128
124.232.133.199,3128
124.232.133.199,3128
124.232.133.199,3128
124.232.133.199,3128
124.225.223.101,80
124.225.223.101,80
124.225.223.101,80
124.225.223.101,80
124.225.223.101,80
124.225.223.101,80
124.225.223.101,80
124.225.223.101,80
124.225.223.101,80
124.225.223.101,80
124.205.155.158,9090
124.205.155.155,9090
124.205.155.151,9090
124.205.155.147,9090
123.57.84.116,8118
123.57.84.116,8118
123.57.61.38,8118
123.57.61.38,8118
123.56.74.221,80
123.56.233.135,3128
123.249.28.188,3128
123.249.28.188,3128
123.249.28.188,3128
123.249.28.188,3128
123.249.28.188,3128
123.249.28.188,3128
123.249.17.106,808
123.249.17.106,808
123.249.17.106,808
123.249.17.106,808
123.249.17.106,808
123.249.17.106,808
123.249.17.106,808
123.249.17.106,808
123.249.17.106,808
123.249.17.106,808
123.249.17.106,808
123.249.17.106,808
123.245.12.54,8118
123.245.12.54,8118
123.195.152.139,34056
123.195.152.139,34056
123.188.223.118,9999
123.188.223.118,9999
123.169.35.69,9999
123.169.35.69,9999
123.169.35.161,9999
123.169.35.161,9999
123.169.34.44,9999
123.169.34.44,9999
123.163.97.219,9999
123.163.97.219,9999
123.163.97.213,9999
123.163.97.213,9999
123.163.96.188,9999
123.163.122.128,9999
123.163.122.128,9999
123.146.101.243,53281
123.145.43.15,8118
123.145.43.15,8118
123.145.43.15,8118
123.145.43.15,8118
123.145.43.15,8118
123.145.43.15,8118
123.145.43.15,8118
123.145.43.15,8118
123.144.201.154,8118
123.144.201.154,8118
123.139.56.238,9999
123.139.56.238,9999
123.139.56.238,9999
123.139.56.238,9999
123.139.56.238,9999
123.139.56.238,9999
123.139.56.238,9999
123.139.56.238,9999
123.139.56.238,9999
123.139.56.238,9999
123.139.56.238,9999
123.139.56.238,9999
123.139.56.238,9999
123.139.56.238,9999
123.139.56.238,9999
122.143.153.254,80
122.143.153.254,80
122.141.74.186,8080
122.141.74.186,8080
122.141.74.186,8080
122.141.74.186,8080
122.141.74.186,8080
122.141.74.186,8080
122.138.84.242,8080
122.138.84.242,8080
122.137.4.105,8080
122.137.4.105,8080
122.137.4.105,8080
122.137.4.105,8080
122.137.4.105,8080
122.137.4.105,8080
122.136.212.132,53281
122.136.212.132,53281
122.136.212.132,53281
122.136.212.132,53281
122.136.212.132,53281
122.136.212.132,53281
122.116.232.79,52444
122.116.232.79,52444
122.116.1.83,51072
122.116.1.83,51072
122.116.1.83,51072
122.116.1.83,51072
122.114.36.55,808
121.69.46.177,9000
121.69.37.6,9999
121.63.198.225,9999
121.63.198.225,9999
121.42.146.11,8
121.42.146.11,8
121.233.251.201,9999
121.233.251.201,9999
121.233.207.231,9999
121.233.207.231,9999
121.233.206.197,9999
121.233.206.197,9999
121.233.206.137,9999
121.233.206.137,9999
121.226.61.155,8118
121.204.150.70,8118
121.204.150.218,8118
121.204.150.218,8118
121.204.150.181,8118
121.204.150.181,8118
121.204.150.181,8118
121.204.150.181,8118
121.204.150.181,8118
121.204.150.181,8118
121.204.150.159,8118
121.204.150.159,8118
121.204.150.159,8118
121.204.150.131,8118
121.204.150.131,8118
121.17.210.114,8060
120.78.79.150,8081
120.78.179.218,8118
120.78.179.218,8118
120.78.179.218,8118
120.7.246.156,9000
120.27.208.131,80
119.90.126.106,7777
119.57.108.109,53281
119.51.9.78,80
119.51.9.78,80
119.51.9.78,80
119.51.9.78,80
119.51.9.78,80
119.51.9.78,80
119.51.35.230,80
119.51.35.230,80
119.51.35.230,80
119.51.35.230,80
119.51.35.230,80
119.51.35.230,80
119.51.35.230,80
119.51.35.230,80
119.48.190.218,9999
119.41.236.180,8010
119.41.236.180,8010
119.41.236.180,8010
119.41.236.180,8010
119.41.236.180,8010
119.41.236.180,8010
119.41.200.237,53281
119.41.200.237,53281
119.41.194.39,8060
119.41.194.39,8060
119.41.194.39,8060
119.41.194.39,8060
119.41.194.39,8060
119.41.194.39,8060
119.41.194.39,8060
119.41.194.39,8060
119.41.194.39,8060
119.41.194.39,8060
119.41.194.39,8060
119.41.194.39,8060
119.36.161.174,80
119.36.161.174,80
119.145.2.98,44129
119.145.2.98,44129
118.25.183.28,808
118.25.104.254,1080
118.24.89.206,1080
118.24.89.206,1080
118.24.88.240,1080
118.24.88.240,1080
118.24.3.29,8118
118.24.3.29,8118
118.24.3.29,8118
118.24.3.29,8118
118.24.3.29,8118
118.24.3.29,8118
118.24.157.49,8118
118.24.157.49,8118
118.24.157.49,8118
118.24.157.49,8118
118.24.151.76,8118
118.24.151.76,8118
118.24.151.76,8118
118.24.151.76,8118
118.24.150.126,3333
118.24.150.126,3333
118.24.128.46,1080
118.24.128.46,1080
118.24.127.144,1080
118.24.127.144,1080
118.24.127.144,1080
118.24.127.144,1080
118.24.127.144,1080
118.24.127.144,1080
118.181.226.216,58654
118.181.226.216,58654
118.143.37.169,32251
118.140.151.98,3128
118.123.147.82,63000
118.123.147.82,63000
118.114.188.196,8118
118.114.188.196,8118
117.94.86.146,8888
117.94.86.146,8888
117.65.51.253,9999
117.65.51.253,9999
117.65.48.194,9999
117.65.48.194,9999
117.65.48.146,9999
117.65.48.146,9999
117.65.45.12,9999
117.65.45.12,9999
117.65.42.204,9999
117.65.42.191,9999
117.65.42.191,9999
117.65.42.111,9999
117.65.42.111,9999
117.65.35.19,9999
117.65.35.19,9999
117.63.81.251,9999
117.63.81.251,9999
117.63.80.98,9999
117.63.80.98,9999
117.42.92.236,9999
117.172.147.172,38292
117.172.147.172,38292
117.141.155.243,53281
117.141.155.243,53281
117.141.155.241,53281
117.141.155.241,53281
117.14.104.71,53281
117.14.104.71,53281
117.14.104.71,53281
117.14.104.71,53281
117.14.104.71,53281
117.14.104.71,53281
117.14.104.71,53281
117.139.126.236,53281
117.139.126.236,53281
117.131.235.198,8060
117.131.235.198,8060
117.114.149.66,53281
116.62.64.196,443
116.62.64.196,443
116.62.215.123,8118
116.62.215.123,8118
116.62.215.123,8118
116.62.215.123,8118
116.62.215.123,8118
116.62.215.123,8118
116.62.215.123,8118
116.62.215.123,8118
116.62.215.123,8118
116.208.55.150,9999
116.208.55.150,9999
116.208.54.125,9999
116.208.54.125,9999
116.208.52.164,9999
116.208.52.100,9999
116.208.52.100,9999
116.208.11.138,9999
116.208.11.138,9999
116.208.11.123,9999
116.208.11.123,9999
116.196.81.58,3128
116.196.81.58,3128
116.114.19.211,443
116.114.19.211,443
116.113.27.170,42557
116.113.27.170,42557
116.113.27.170,42557
116.113.27.170,42557
116.113.27.170,42557
116.113.27.170,42557
116.113.27.170,42557
116.113.27.170,42557
116.113.27.170,42557
116.113.27.170,42557
115.53.18.67,9999
115.29.3.37,80
115.29.3.37,80
115.29.214.175,8118
115.29.214.175,8118
115.29.170.58,8118
115.29.170.58,8118
115.28.148.192,8118
115.28.148.192,8118
115.239.27.193,9000
115.239.27.193,9000
115.159.116.98,8118
115.159.116.98,8118
115.151.130.229,9999
115.151.130.229,9999
114.33.13.105,3128
114.33.13.105,3128
114.227.114.253,9999
114.227.114.253,9999
114.215.139.19,8118
114.215.139.19,8118
114.215.139.19,8118
114.104.135.98,8888
114.104.135.98,8888
113.200.56.13,8010
113.200.56.13,8010
113.200.56.13,8010
113.200.56.13,8010
113.200.56.13,8010
113.200.56.13,8010
113.200.56.13,8010
113.200.56.13,8010
113.200.56.13,8010
113.200.56.13,8010
113.200.56.13,8010
113.200.56.13,8010
113.140.1.82,53281
113.140.1.82,53281
113.140.1.82,53281
113.140.1.82,53281
113.140.1.82,53281
113.140.1.82,53281
113.140.1.82,53281
113.140.1.82,53281
113.140.1.82,53281
113.140.1.82,53281
113.140.1.82,53281
113.140.1.82,53281
113.140.1.82,53281
113.140.1.82,53281
113.124.87.139,9999
113.124.87.139,9999
113.121.43.210,9999
113.121.43.210,9999
113.121.23.105,9999
113.121.23.105,9999
113.121.22.41,9999
113.121.22.41,9999
113.121.22.136,9999
113.121.22.136,9999
113.121.20.251,9999
113.121.20.251,9999
113.12.202.50,50327
113.12.202.50,50327
113.10.152.92,3128
113.10.152.92,3128
113.10.152.92,3128
112.85.170.161,9999
112.85.170.161,9999
112.65.52.28,9000
112.230.197.236,63000
112.230.197.236,63000
112.230.197.236,63000
112.12.37.196,53281
112.12.37.196,53281
112.12.37.196,53281
112.111.77.250,9999
112.111.77.250,9999
112.111.77.23,9999
112.111.77.23,9999
111.77.100.116,8118
111.77.100.116,8118
111.77.100.116,8118
111.77.100.116,8118
111.77.100.116,8118
111.77.100.109,8118
111.77.100.109,8118
111.77.100.109,8118
111.77.100.109,8118
111.76.175.133,9999
111.76.175.133,9999
111.75.193.25,48449
111.75.193.25,48449
111.75.193.25,48449
111.75.193.25,48449
111.63.135.109,80
111.40.84.73,9999
111.40.84.73,9999
111.40.84.73,9797
111.40.84.73,9797
111.40.84.73,9797
111.40.84.73,9797
111.40.84.73,9999
111.39.10.227,63000
111.39.10.227,63000
111.39.10.227,63000
111.39.10.227,63000
111.231.24.65,808
111.231.24.59,808
111.226.188.70,8888
111.224.84.214,9000
111.197.236.117,9999
111.177.113.18,9999
111.177.113.18,9999
111.177.106.224,9999
111.177.106.224,9999
111.177.106.224,9999
111.165.9.139,8118
111.165.9.139,8118
111.165.9.139,8118
111.165.9.139,8118
111.165.9.139,8118
111.165.126.205,8060
111.165.126.205,8060
111.160.169.54,59803
111.160.169.54,59803
111.160.169.54,59803
111.11.98.58,9000
110.185.52.141,8118
110.185.52.141,8118
110.185.52.141,8118
110.185.52.141,8118
110.167.30.50,8060
110.167.30.50,8060
110.167.30.50,8060
110.167.30.50,8060
110.167.30.50,8060
110.167.30.50,8060
110.167.30.50,8060
110.167.30.50,8060
110.167.30.50,8060
110.167.30.50,8060
110.167.30.50,8060
110.167.30.50,8060
110.167.30.50,8060
110.167.30.50,8060
110.167.30.50,8060
110.167.30.50,8060
110.167.30.50,8060
110.167.30.50,8060
110.167.30.50,8060
110.167.30.50,8060
110.167.30.50,8060
110.167.30.50,8060
110.167.30.50,8060
110.167.30.50,8060
103.38.5.89,55552
103.38.5.89,55552
103.38.5.89,55552
103.38.5.89,55552
103.38.4.246,49356
103.38.4.246,49356
103.38.4.246,49356
103.38.4.246,49356
103.224.103.144,8080
103.224.101.202,44857
103.224.101.202,44857
103.224.101.202,44857
103.224.101.202,44857
103.224.101.202,44857
103.224.101.202,44857
103.224.101.202,44857
103.224.101.202,44857
103.224.101.202,44857
103.224.101.202,44857
103.224.101.202,44857
101.132.164.113,8118
1.34.146.163,30086
1.34.146.163,30086
1.198.73.238,9999
1.198.73.238,9999
1.198.73.17,9999
1.198.73.17,9999
1.198.73.17,9999
1.198.73.17,9999
1.198.73.17,9999
1.198.73.17,9999
1.198.72.197,9999
1.198.72.197,9999
1.198.109.184,9999
1.198.109.184,9999
1.197.204.66,9999
1.197.204.66,9999
1.197.204.122,9999
1.197.204.122,9999
1.197.203.20,9999
1.197.203.20,9999
1.197.16.53,9999
1.197.16.53,9999
1.197.16.166,9999
1.197.16.137,9999
1.197.16.137,9999
1.193.157.209,8118
1.192.242.174,9999
